{
    "Non Penalized Accuracy": 0.8667506541331524,
    "Penalized Accuracy": 0.874438737603773
}